{"cameraMode":{"drawMode":0,"name":"Shaded","section":"Shading Mode"},"sceneLighting":false,"audioPlay":false,"sceneViewState":{"m_AlwaysRefresh":false,"showFog":true,"showSkybox":false,"showFlares":true,"showImageEffects":true,"showParticleSystems":true,"showVisualEffectGraphs":true,"m_FxEnabled":true},"in2DMode":false,"pivot":{"x":0.36000001430511477,"y":0.7599999904632568,"z":-6.269999980926514},"rotation":{"x":0.41699331998825076,"y":-0.35463571548461916,"z":0.18099050223827363,"w":0.8170633912086487},"size":0.8660253882408142,"orthographic":false}